saveFolder,simLabel,IIweights.0,IEweights.2,IIweights.2,IIweights.1,EICellTypeGain.SOM,EICellTypeGain.PV,EICellTypeGain.NGF,EICellTypeGain.VIP,weightLong.S1,weightLong.S2,weightLong.TPO,weightLong.TVL,weightLong.OC,EEGain,weightLong.cM1,weightLong.M2,IEweights.0,IEweights.1,NGF1,IT2,SOM2,PV2,VIP2,NGF2,IT4,SOM4,PV4,VIP4,NGF4,IT5A,SOM5A,PV5A,VIP5A,NGF5A,IT5B,PT5B,SOM5B,PV5B,VIP5B,NGF5B,IT6,CT6,SOM6,PV6,VIP6,NGF6,TPO,S1,S2,cM1,M2,OC,TVL,loss
./batchData/optuna_batch,optuna_0f8906ab,1.101719752539922,0.927051922026221,0.7854305217904908,0.7379927293436939,1.3016426438402953,2.533386512582974,1.6423525175757672,5.152619925937889,0.279439795847752,0.41541958378238025,0.4978475636371773,0.1422242631264033,0.5303791706263163,1.4667393428927085,0.5419658719321149,0.2696345950523551,1.190514183622983,1.1257132897776958,8.810752688172043,4.27456647398844,14.457142857142857,7.089887640449438,28.766355140186917,21.69736842105263,4.552803129074316,19.75,6.5,50.833333333333336,49.857142857142854,4.517080745341615,13.314814814814815,14.228260869565217,52.46153846153846,53.6,22.94773519163763,5.068989547038328,14.658783783783784,11.533898305084746,28.0,39.59375,12.178802588996763,2.5396440129449838,29.24137931034483,0.47413793103448276,28.232142857142858,1.8875,2.297,2.593,2.564,1.284,1.262,2.515,5.948,5.349315246467468
./batchData/optuna_batch,optuna_ad7c7004,1.2938769123330478,0.7819154973492988,0.9781139846187423,1.0256839191096707,4.833666453485605,2.710804364065471,1.06586122946768,5.226342779774577,0.21177012304542975,0.4307169602062115,0.4346844665361896,0.5880075390430699,0.11230323956459141,1.4917897251168624,0.1604246828622637,1.1152108017370723,1.1994795129439495,0.9326700677607285,5.402150537634409,3.7976878612716765,17.37142857142857,6.550561797752809,5.308411214953271,10.039473684210526,8.496740547588006,14.416666666666666,8.458333333333334,11.5,27.0,3.169254658385093,5.018518518518518,34.79347826086956,2.6923076923076925,28.6,6.289198606271777,15.464808362369338,5.95945945945946,41.85875706214689,3.088888888888889,15.53125,7.8454692556634305,0.01699029126213592,9.057471264367816,15.870689655172415,2.544642857142857,3.8625,2.297,2.593,2.564,1.284,1.262,2.515,5.948,37.8312996743635
./batchData/optuna_batch,optuna_eade4347,1.257029115924169,0.9549565279195518,1.1625632890285496,1.1420631012275417,5.886766631999726,2.5315356205143784,0.833352621958921,4.915794600970177,0.3320424939273605,0.4317886309481054,0.5374275895286931,0.29620757106346024,0.24739916844194468,1.4432556107963548,0.22161413914266007,0.30280799501324684,1.2360132866430142,1.1235857646954925,4.834408602150537,7.838150289017341,6.714285714285714,8.606741573033707,12.158878504672897,10.302631578947368,5.9061277705345505,4.166666666666667,7.270833333333333,16.833333333333332,44.285714285714285,3.3369565217391304,1.5185185185185186,37.77173913043478,25.846153846153847,24.3,1.7581881533101045,7.267595818815331,1.989864864864865,36.5819209039548,18.11111111111111,14.65625,8.09546925566343,0.03317152103559871,18.64367816091954,3.6810344827586206,2.232142857142857,1.0,2.297,2.593,2.564,1.284,1.262,2.515,5.948,37.88527863910389
./batchData/optuna_batch,optuna_1b2bfdc3,1.327520027116706,0.7837084148874194,1.0053362590731751,1.1955185784372606,4.592060737300617,2.9215581601763234,0.9176952458873348,5.183473134970992,0.3214504481795253,0.4667023457454099,0.5117097222389807,0.42826701113193644,0.16783600589758418,1.4277434264247348,0.1859295519072995,1.07048980900993,1.2355672249637506,0.971021009736027,3.9655913978494626,5.260693641618497,4.8,17.53932584269663,7.009345794392523,8.539473684210526,2.1577574967405475,2.75,22.041666666666668,14.666666666666666,28.0,4.604037267080745,2.5185185185185186,39.05434782608695,4.6923076923076925,13.4,0.9923344947735192,10.245993031358886,2.266891891891892,45.72316384180791,3.6,8.1875,12.217637540453074,0.15857605177993528,19.057471264367816,1.456896551724138,0.2767857142857143,0.9125,2.297,2.593,2.564,1.284,1.262,2.515,5.948,37.94309408005551
./batchData/optuna_batch,optuna_4871b3f0,1.3453179964054922,0.7041743460619173,1.2234380924959194,1.2374923467130368,5.309793252155397,2.8139023643736594,0.7217029260714608,4.236011018058326,0.4329626810977134,0.5861696770877332,0.6385560086815796,0.273011319809961,0.24146884266221297,1.3851877243424826,0.3195919975425964,1.0718617635130976,1.1598704183299346,0.8892975711188041,4.625806451612903,5.284393063583815,3.8,8.44943820224719,9.16822429906542,9.552631578947368,5.78748370273794,1.6666666666666667,10.25,11.5,40.714285714285715,3.5667701863354035,2.111111111111111,40.54347826086956,8.923076923076923,21.3,13.74355400696864,8.229268292682926,2.820945945945946,42.76271186440678,6.355555555555555,12.15625,7.5210355987055015,0.21925566343042072,6.482758620689655,28.025862068965516,7.160714285714286,1.275,2.297,2.593,2.564,1.284,1.262,2.515,5.948,37.988974193361216
./batchData/optuna_batch,optuna_b2debb8c,1.261028099725618,0.9556306013873965,1.1627197235280364,1.1043311306238262,5.527611841189581,2.54616747090858,0.8565355140475004,5.332322468020692,0.33519188278326706,0.43121823019319677,0.5264351710983057,0.28546344359852405,0.19390653606938182,1.4496203664492866,0.1738295831224128,1.072830818297436,1.2284670581852974,0.9879644761074949,4.926881720430107,5.939884393063584,5.0,11.370786516853933,14.233644859813085,12.223684210526315,4.916558018252934,7.25,12.5,23.0,26.142857142857142,4.175465838509317,1.2222222222222223,24.57608695652174,6.538461538461538,35.6,20.926132404181185,6.130313588850174,1.587837837837838,26.096045197740114,8.377777777777778,28.15625,7.555825242718447,0.15776699029126215,9.689655172413794,18.844827586206897,1.6160714285714286,1.325,2.297,2.593,2.564,1.284,1.262,2.515,5.948,38.26003147327266
./batchData/optuna_batch,optuna_ab227f14,1.3281430260082254,0.9209712038954521,1.105831890254886,1.1934590537174057,5.129159988528236,3.0461231808315286,0.7679210521908978,4.642640750464569,0.3302985707508104,0.5232323053863024,0.33102635549688214,0.641330784055885,0.21958614515965086,1.4635810670601928,0.20324160102874958,0.14770729716472542,1.2428117892222548,0.9046079267488201,7.417204301075269,10.608092485549133,4.057142857142857,9.955056179775282,5.616822429906542,11.513157894736842,12.607561929595828,1.6666666666666667,9.5625,10.666666666666666,54.57142857142857,3.4301242236024843,4.111111111111111,35.34782608695652,0.6153846153846154,28.7,4.3533101045296165,10.238327526132403,4.047297297297297,41.50282485875706,2.888888888888889,17.25,4.781553398058253,0.008090614886731391,17.942528735632184,1.6120689655172413,2.0625,0.5625,2.297,2.593,2.564,1.284,1.262,2.515,5.948,38.41654592602042
./batchData/optuna_batch,optuna_c8989460,1.284004481550869,0.7192368764137936,0.7467371369995119,1.1682418048867182,5.762088790846327,3.138230170384382,1.0229698049668288,5.72237317299959,0.20171539323380938,0.4470519948538772,0.4465989498080474,0.2892544189309016,0.22279884921112347,1.408585913451581,0.3367629338511864,0.2359778414269486,1.2710175206391667,0.9861130501344658,9.043010752688172,18.429479768786127,4.457142857142857,7.49438202247191,6.5607476635514015,29.11842105263158,15.739243807040417,3.9166666666666665,2.8125,6.5,68.14285714285714,2.6537267080745344,2.240740740740741,26.57608695652174,7.615384615384615,64.4,1.5317073170731708,10.301045296167247,2.364864864864865,32.16101694915254,6.066666666666666,46.59375,5.1464401294498385,0.011326860841423949,17.7816091954023,9.181034482758621,4.464285714285714,0.4625,2.297,2.593,2.564,1.284,1.262,2.515,5.948,41.4372291797789
./batchData/optuna_batch,optuna_452c31b8,1.299973931304107,0.7817831337980041,1.2308340234631845,0.9146626316801099,5.004172617331134,3.1536425825870595,0.6747534859333062,4.893858071459252,0.44464014347111264,0.4886940101283522,0.446447639720732,0.6692684855722091,0.15308771311807595,1.477606757009935,0.12385499066078332,0.14058234272848552,1.2534134449730183,0.9642734784442163,6.516129032258065,4.146820809248555,8.085714285714285,34.46067415730337,2.317757009345794,10.131578947368421,1.8292046936114732,3.5833333333333335,49.854166666666664,7.833333333333333,62.857142857142854,12.75,14.925925925925926,21.130434782608695,3.076923076923077,16.9,28.87317073170732,15.442508710801393,15.83108108108108,23.127118644067796,3.2,7.875,16.801779935275082,9.34789644012945,30.632183908045977,0.13793103448275862,2.4375,3.9625,2.297,2.593,2.564,1.284,1.262,2.515,5.948,43.882469546472066
./batchData/optuna_batch,optuna_c76879ff,1.3676386682926847,0.7923980226673947,0.8627354282373669,0.8087874795360319,5.651966470598413,2.856865230677654,1.011116719058894,5.833455288256032,0.1683939732506771,0.43306751451822734,0.49013900936179794,0.5567388770015733,0.42630828371530916,1.454681206911677,0.33177413794167604,0.31731089371030446,1.1671721872596081,0.9746727415016827,6.264516129032258,3.629479768786127,10.228571428571428,13.393258426966293,2.177570093457944,16.44736842105263,9.113428943937418,13.083333333333334,9.645833333333334,2.6666666666666665,35.285714285714285,3.0838509316770186,3.925925925925926,6.6521739130434785,24.076923076923077,66.5,37.239024390243905,4.797212543554007,2.9155405405405403,9.725988700564972,30.133333333333333,53.421875,4.075242718446602,0.049352750809061485,6.781609195402299,69.31896551724138,4.785714285714286,2.1125,2.297,2.593,2.564,1.284,1.262,2.515,5.948,63.72367445105294
./batchData/optuna_batch,optuna_477009f1,1.2948102714950807,0.7615969297355573,0.8836455689017074,1.0311461650938503,5.5475390236423525,3.164117732906605,1.033510536488642,5.84028559726608,0.2091183383478551,0.38236778359537266,0.5262665835632135,0.5257015028049562,0.19639483455098505,1.3885731872603966,0.09963063587396231,0.14912854959950464,1.2459910821541897,0.9826341483830692,5.683870967741935,4.8271676300578035,7.742857142857143,27.40449438202247,8.495327102803738,11.342105263157896,2.4159061277705347,3.9166666666666665,41.166666666666664,10.166666666666666,34.57142857142857,8.872670807453416,18.666666666666668,27.282608695652176,12.23076923076923,5.0,14.296864111498257,9.436933797909408,15.31418918918919,29.183615819209038,7.955555555555556,1.453125,5.151294498381877,0.021844660194174758,37.229885057471265,0.853448275862069,1.2857142857142858,0.025,2.297,2.593,2.564,1.284,1.262,2.515,5.948,73.69626874465737
./batchData/optuna_batch,optuna_f8f6434e,1.3032285644154573,0.7023706404500628,1.2112164473983873,0.8731809429189881,5.752448330676315,2.4214173749323056,0.7339111713363085,5.139978419197823,0.28301374133507623,0.13663322421949248,0.7176156840431446,0.15632137612831712,0.19058530077995947,1.3888813751476135,0.1566340930327885,0.15483992483774506,1.2083909420235024,0.862164194133423,2.6688172043010754,8.26878612716763,6.885714285714286,9.213483146067416,14.91588785046729,11.0,3.548891786179922,6.25,11.895833333333334,13.333333333333334,26.857142857142858,4.552795031055901,2.0555555555555554,52.18478260869565,32.92307692307692,15.0,0.5777003484320558,5.924738675958189,2.52027027027027,45.152542372881356,20.88888888888889,10.890625,7.62621359223301,0.032362459546925564,5.459770114942529,7.0344827586206895,7.633928571428571,0.2375,2.297,2.593,2.564,1.284,1.262,2.515,5.948,73.78827466234311
./batchData/optuna_batch,optuna_2afa239f,1.1687167757782564,0.6932412551888985,0.7978589218356777,0.8511521519896043,5.517554422027635,2.9131262350502487,0.7424205085642456,5.288460496419909,0.12888726073156942,0.405735517188426,0.6867373518206954,0.49426156144931066,0.35697222899935255,1.453489311532907,0.17770377793580502,0.1448559140163791,1.1356620171765772,1.0372637948888377,3.1591397849462366,1.5283236994219653,8.571428571428571,12.337078651685394,12.355140186915888,2.0789473684210527,1.33116036505867,7.0,15.416666666666666,24.0,12.857142857142858,4.336956521739131,1.962962962962963,43.92391304347826,40.84615384615385,4.6,0.37212543554006966,5.077351916376307,1.8918918918918919,44.50282485875706,38.44444444444444,3.265625,8.716019417475728,0.038834951456310676,14.988505747126437,8.64655172413793,1.4464285714285714,1.5375,2.297,2.593,2.564,1.284,1.262,2.515,5.948,73.85576314052528
./batchData/optuna_batch,optuna_778a24d5,1.3505587649327875,0.7035508886179135,1.2794901759755213,1.0368600202991178,5.310509646416803,2.81146940318922,0.6785589554529541,5.66853609339311,0.4279419044140893,0.5199574135601369,0.6379490746857326,0.12150566721176828,0.2578111106706257,1.3774249865036132,0.31475878480451586,1.0474427317947883,1.2990197865260986,0.9962112236388169,2.7483870967741937,3.061271676300578,10.514285714285714,15.853932584269662,19.11214953271028,2.8947368421052633,1.273794002607562,10.75,15.75,20.333333333333332,13.571428571428571,9.897515527950311,2.462962962962963,53.98913043478261,20.384615384615383,7.0,0.3254355400696864,6.630662020905923,3.3344594594594597,43.4180790960452,20.288888888888888,2.5625,10.77831715210356,0.11003236245954692,16.39080459770115,2.4051724137931036,0.8392857142857143,1.1625,2.297,2.593,2.564,1.284,1.262,2.515,5.948,73.89680652270967
./batchData/optuna_batch,optuna_0f04b070,1.3678367053530147,0.6623448821532464,1.2831423636271035,1.029258333064297,5.294981411176268,2.5782946689981308,0.7036902336470443,4.249841247293528,0.3764971840380818,0.590871978130556,0.6551239933727177,0.10865076875527951,0.22176434909875134,1.3721246497305952,0.3215506518536367,1.0607554933785925,1.3082745992829303,0.995452278060524,2.425806451612903,1.9011560693641618,5.285714285714286,15.910112359550562,25.39252336448598,1.368421052631579,0.7470664928292047,8.166666666666666,12.729166666666666,18.5,12.714285714285714,6.111801242236025,1.6111111111111112,51.5,38.53846153846154,4.0,0.3142857142857143,5.130313588850174,1.5574324324324325,45.93785310734463,36.55555555555556,2.734375,10.147249190938512,0.12459546925566344,9.540229885057471,8.068965517241379,2.0625,1.475,2.297,2.593,2.564,1.284,1.262,2.515,5.948,74.1197391091989
./batchData/optuna_batch,optuna_4493ea76,1.3375312051496329,0.7503219224141343,1.102725290872646,0.9232116417729105,4.79439988209351,3.077231231878133,0.6225502019587468,4.679585342590303,0.31983465818727236,0.5120350717064174,0.3903936298543954,0.5816342426734558,0.2713230196618911,1.468089776517586,0.12505335527137276,0.18031630133403964,1.2450790127039102,0.8724354490477578,6.2709677419354835,13.402890173410405,8.714285714285714,7.47191011235955,1.7289719626168225,12.078947368421053,10.834419817470664,5.833333333333333,3.9791666666666665,1.8333333333333333,48.857142857142854,4.9021739130434785,5.314814814814815,37.608695652173914,2.4615384615384617,31.1,1.8585365853658538,11.588153310104529,5.4425675675675675,45.016949152542374,5.822222222222222,18.28125,4.6205501618122975,0.0016181229773462784,33.701149425287355,0.1810344827586207,3.2410714285714284,0.275,2.297,2.593,2.564,1.284,1.262,2.515,5.948,74.18134717437295
./batchData/optuna_batch,optuna_274fdfc0,1.3429650793966106,0.7156760833898332,0.7909117338509647,0.9872813441966345,5.984908695848696,2.7192236994678165,0.810397683673116,5.064086834851846,0.19454572494292569,0.39221139127083926,0.471351122110785,0.5915229277636936,0.27145436723603056,1.3808894961285276,0.49500124489571884,0.2717997530518863,1.1810742728152366,0.9852434855443986,4.43010752688172,6.5913294797687865,6.6,8.101123595505618,8.990654205607477,8.368421052631579,5.482398956975228,5.416666666666667,11.625,17.0,42.285714285714285,3.4642857142857144,4.092592592592593,32.27173913043478,21.692307692307693,22.4,2.29198606271777,8.029268292682927,2.9662162162162162,43.76836158192091,9.71111111111111,13.0,4.415857605177994,0.003236245954692557,0.632183908045977,36.56896551724138,55.99107142857143,0.2375,2.297,2.593,2.564,1.284,1.262,2.515,5.948,74.28966520523953
./batchData/optuna_batch,optuna_233dafcd,1.233000950831746,0.7562287296721841,1.1953659430930381,1.144525922937632,5.365643380115438,3.2194722761312184,0.7797085916408089,3.8787832969152545,0.4757682903527374,0.6985620401414275,0.43142669983819626,0.35241867306496544,0.105320061031468,1.475626067602073,0.1706891695957352,0.25768977210784566,1.105857343522889,0.8177085896519277,4.866666666666666,3.9554913294797687,2.8285714285714287,15.112359550561798,11.205607476635514,10.25,2.6440677966101696,3.5,19.916666666666668,13.333333333333334,32.857142857142854,4.85248447204969,9.425925925925926,32.20652173913044,9.461538461538462,7.1,24.536585365853657,6.8585365853658535,12.682432432432432,31.036723163841806,5.488888888888889,1.640625,3.7572815533980584,0.045307443365695796,24.60919540229885,4.508620689655173,11.616071428571429,0.1,2.297,2.593,2.564,1.284,1.262,2.515,5.948,74.7661783899669
./batchData/optuna_batch,optuna_5b7ebdca,1.2238560103152123,0.6909849826934622,1.0665865640998884,0.9787123102038825,5.77879375037231,2.763590859240926,1.0517927299986458,5.356415883469356,0.07909521203115982,0.22851801398149596,0.5853355088141152,0.508329289246723,0.3608327677811952,1.4519698402070569,0.18456735138089375,0.1615867775635635,1.2086230622492138,0.872041131411837,4.851612903225806,4.216763005780347,5.714285714285714,9.51685393258427,10.523364485981308,15.236842105263158,6.016949152542373,4.416666666666667,10.208333333333334,14.0,34.285714285714285,3.906832298136646,2.9444444444444446,28.195652173913043,14.153846153846153,35.0,18.64738675958188,6.380487804878049,2.8885135135135136,31.994350282485875,8.2,26.734375,3.8284789644012944,0.0008090614886731392,0.0,67.50862068965517,45.401785714285715,0.4375,2.297,2.593,2.564,1.284,1.262,2.515,5.948,75.60767348541478
./batchData/optuna_batch,optuna_15e1123e,1.375835685162848,0.6949953592026104,1.308063562838329,1.0108745013223197,5.13270991197463,2.7455569054665196,0.6915810283533886,4.328404140657261,0.4235173739602414,0.5983821837394753,0.6356007176221423,0.19011258518631458,0.3100605345020012,1.380371443320272,0.22429831941053502,1.049614730164575,1.1971234230339234,0.9002471302515679,4.432258064516129,3.921965317919075,6.114285714285714,55.51685393258427,6.364485981308412,7.328947368421052,1.8083441981747066,0.6666666666666666,61.208333333333336,25.333333333333332,33.57142857142857,15.970496894409937,18.25925925925926,37.52173913043478,0.38461538461538464,5.2,10.574912891986063,16.596515679442508,19.611486486486488,38.59322033898305,0.37777777777777777,0.96875,6.978155339805825,0.0970873786407767,22.344827586206897,6.577586206896552,0.0,0.45,2.297,2.593,2.564,1.284,1.262,2.515,5.948,75.77501835542564
./batchData/optuna_batch,optuna_bab49d19,1.2643779427676727,0.7443175866633935,1.4889207828518987,0.9122760660214059,5.925811942642248,2.610295632324648,1.0129728485646416,5.436566023741992,0.19073302338345213,0.4550804565132931,0.5184920960864242,0.6349104182028739,0.6836610753000918,1.426609184643278,0.3587255651486757,0.2814027972280111,1.1754956311208875,0.9026086080064253,7.077419354838709,9.65664739884393,15.885714285714286,9.112359550561798,4.364485981308412,15.907894736842104,6.36245110821382,8.5,12.229166666666666,1.5,48.857142857142854,4.1102484472049685,5.7407407407407405,31.847826086956523,8.923076923076923,41.4,2.9066202090592332,14.556794425087109,5.601351351351352,41.494350282485875,5.955555555555556,26.5,4.61084142394822,0.5533980582524272,0.0,66.90517241379311,43.919642857142854,0.175,2.297,2.593,2.564,1.284,1.262,2.515,5.948,75.84071606421591
./batchData/optuna_batch,optuna_de52f2ca,1.060918076369284,0.9273714063481971,0.8563189261287385,0.8280225177261638,5.7712760869968935,2.8564237683794778,0.9937014862373337,5.633815429266739,0.1155628569679123,0.4450586310899851,0.5461963188601963,0.5516296516595179,0.3700268340940781,1.2675880308735086,0.3629131744795697,0.3411415278248543,1.0759020536317787,1.0380283570794024,7.632258064516129,3.916763005780347,5.085714285714285,8.404494382022472,5.5607476635514015,19.026315789473685,4.6923076923076925,4.25,2.4791666666666665,3.8333333333333335,63.285714285714285,2.562111801242236,8.277777777777779,1.8695652173913044,13.692307692307692,65.7,44.42369337979094,4.420209059233449,7.756756756756757,3.2344632768361583,13.688888888888888,46.0,3.5647249190938513,0.05663430420711974,9.781609195402298,54.05172413793103,1.3839285714285714,1.225,2.297,2.593,2.564,1.284,1.262,2.515,5.948,76.29775938662786
./batchData/optuna_batch,optuna_0c616194,1.1698326696913801,0.8430595024811786,1.158775449867386,1.2170212830403129,5.417215826235312,3.2602823165407875,1.147998898229425,3.8293323784008453,0.4501279292857145,0.6855580126552993,0.45541988081706347,0.3794184433530438,0.11283898772535023,1.3971891874433986,0.2638758973196068,0.9507927131394395,1.126335633928832,0.903962353282676,8.449462365591398,3.040462427745665,2.3142857142857145,15.820224719101123,5.841121495327103,20.657894736842106,2.2059973924380705,0.4166666666666667,18.729166666666668,13.333333333333334,77.42857142857143,3.546583850931677,12.537037037037036,4.532608695652174,1.4615384615384615,26.6,51.89825783972125,3.3832752613240418,15.554054054054054,4.387005649717514,0.7555555555555555,13.46875,3.472491909385113,0.07524271844660194,7.919540229885057,58.0,0.36607142857142855,0.6125,2.297,2.593,2.564,1.284,1.262,2.515,5.948,76.86839582857449
./batchData/optuna_batch,optuna_006dacb4,1.3102545206205158,0.7917889828328489,0.9647246470730244,1.0806749584956161,4.8593526882668145,2.7413576785229115,1.0899590324200115,5.2876708945275865,0.22873098523603505,0.3786745928027232,0.560395244670141,0.594383815789362,0.13718492350488748,1.4872132578306603,0.16458791910074644,1.0094099273016373,1.1961656575441266,0.9514610806930534,6.331182795698925,9.979190751445087,1.4857142857142858,6.617977528089888,2.925233644859813,22.842105263157894,7.245110821382008,0.9166666666666666,5.708333333333333,7.666666666666667,76.28571428571429,0.7003105590062112,0.48148148148148145,41.369565217391305,3.076923076923077,44.0,0.34843205574912894,7.917073170731707,0.32094594594594594,47.65819209039548,0.6666666666666666,32.453125,6.8624595469255665,0.04449838187702265,10.528735632183908,12.129310344827585,5.642857142857143,3.35,2.297,2.593,2.564,1.284,1.262,2.515,5.948,76.86884641402696
./batchData/optuna_batch,optuna_cc1bc228,1.4162943054289778,0.7474615131555512,1.2628046640270596,0.9236856628603435,5.127716217116573,3.222256818062363,1.423283042941196,3.9863858971132347,0.30255454755589756,0.6710198620365521,0.40998374517774827,0.310108140607139,0.31762670730501724,1.4457724581609095,0.16342983143490802,0.15343535646316572,1.180847219934164,0.9232897431828814,6.030107526881721,9.003468208092485,6.257142857142857,8.213483146067416,3.5794392523364484,18.394736842105264,4.711864406779661,5.0,11.9375,1.6666666666666667,76.14285714285714,4.211180124223603,0.9814814814814815,41.94565217391305,13.076923076923077,54.8,0.3616724738675958,6.793031358885018,1.4831081081081081,46.47175141242938,9.755555555555556,35.546875,9.287216828478964,0.040453074433656956,22.71264367816092,1.0344827586206897,0.5357142857142857,2.45,2.297,2.593,2.564,1.284,1.262,2.515,5.948,77.15593782867604
./batchData/optuna_batch,optuna_022b7c34,1.1896828320421138,0.845084517478983,1.1569930735437255,1.2060817667126973,5.434338916030988,3.590009952360072,1.146223920740814,3.5242750628475235,0.42457244397785104,0.6421461435924897,0.46065786254767116,0.43554861144712403,0.11516816493474377,1.3940750817523289,0.2606330633866747,1.0137984302970553,1.1272837128625586,0.9158873414752589,8.225806451612904,5.699421965317919,2.1714285714285713,9.07865168539326,2.205607476635514,24.55263157894737,3.1003911342894392,2.3333333333333335,5.875,0.5,94.14285714285714,3.209627329192547,22.296296296296298,1.891304347826087,1.4615384615384615,37.5,45.17282229965157,4.058536585365854,15.70608108108108,1.6073446327683616,1.3111111111111111,17.984375,1.715210355987055,0.015372168284789644,3.6666666666666665,71.44827586206897,3.2142857142857144,0.65,2.297,2.593,2.564,1.284,1.262,2.515,5.948,84.89494945816135
./batchData/optuna_batch,optuna_7677b7b3,1.3349668028973258,0.7987728747721977,1.1111158938248107,0.8650037698794748,5.447068279452723,2.707575126814221,0.8260023384667993,5.817023349000914,0.16494717754639449,0.5089926373966502,0.5049162735689566,0.5248397207572562,0.268394424786901,1.4788795263734424,0.3140272392879634,0.27446324396220906,1.206376408193918,0.9470454341694822,5.612903225806452,3.814450867052023,6.428571428571429,11.359550561797754,6.719626168224299,9.631578947368421,4.774445893089961,7.833333333333333,9.333333333333334,14.833333333333334,47.285714285714285,2.611801242236025,3.611111111111111,14.065217391304348,23.846153846153847,48.4,33.91289198606272,3.7874564459930316,3.043918918918919,18.036723163841806,17.711111111111112,32.765625,7.456310679611651,0.2815533980582524,17.367816091954023,22.862068965517242,0.17857142857142858,1.05,2.297,2.593,2.564,1.284,1.262,2.515,5.948,85.23673655244757
./batchData/optuna_batch,optuna_a3bf2361,1.0314672843486292,1.0632444542720767,0.7454739324877396,0.84972509999717,5.889996470495419,2.4890291668360787,0.9735094653742602,5.486619774597632,0.06634720401160736,0.432800564529985,0.5318345320269225,0.568814850221573,0.532690490723286,1.2659867234864137,0.3763715138933095,0.2248740779248472,1.0913442024482891,1.4155860309923523,4.90752688172043,3.491907514450867,11.657142857142857,11.426966292134832,20.289719626168225,4.815789473684211,2.499348109517601,6.75,12.6875,24.333333333333332,15.0,7.301242236024844,6.333333333333333,13.293478260869565,47.53846153846154,12.5,0.9400696864111499,5.177700348432055,2.75,33.666666666666664,40.84444444444444,9.515625,4.074433656957929,0.010517799352750809,1.5517241379310345,35.37068965517241,99.65178571428571,0.225,2.297,2.593,2.564,1.284,1.262,2.515,5.948,87.68279670143805
./batchData/optuna_batch,optuna_326e3a74,1.2643803115886088,0.6503358884897656,1.1351503422555753,1.2783950006683826,4.808297492487537,3.040097150805503,0.7659520581908418,4.403957920930044,0.4081385921080931,0.564882730450232,0.35911080317966326,0.602479501456302,0.21853483180101602,1.465938199217007,0.20741836296264843,0.16642520742220998,1.3258997568525972,1.085029315519057,5.752688172043011,2.0878612716763008,4.257142857142857,6.426966292134831,11.74766355140187,8.81578947368421,3.211212516297262,3.4166666666666665,5.708333333333333,31.166666666666668,44.285714285714285,3.090062111801242,3.1296296296296298,21.25,4.923076923076923,31.5,35.749128919860624,5.34006968641115,3.050675675675676,22.384180790960453,7.022222222222222,18.0,7.868932038834951,0.2783171521035599,17.413793103448278,28.5,0.008928571428571428,0.2625,2.297,2.593,2.564,1.284,1.262,2.515,5.948,90.08309682351033
./batchData/optuna_batch,optuna_c69c8a35,1.3297445369204373,0.71450107289295,0.7437299492175442,0.9933505817748475,5.568066675632222,2.7840496070598655,0.7750230918773355,4.987533124518173,0.15557539542280455,0.38975870127515605,0.4246097926681586,0.5805655736626306,0.5032909357685028,1.3834067113913882,0.5181381476913677,1.0884370718913734,1.1384403955704396,0.9812390480516064,6.318279569892473,12.932369942196532,5.428571428571429,13.50561797752809,4.046728971962617,15.605263157894736,8.292046936114733,2.4166666666666665,13.25,6.5,41.42857142857143,3.8509316770186337,3.314814814814815,37.01086956521739,1.0,45.6,2.410452961672474,11.528919860627179,2.858108108108108,41.99717514124294,2.066666666666667,28.625,2.1941747572815533,0.24110032362459546,0.6551724137931034,81.22413793103448,101.09821428571429,0.025,2.297,2.593,2.564,1.284,1.262,2.515,5.948,93.60822167435522
